archive_export_id,archive_sha256_prefix,archive_sha256,canonical_archive_path,title,member,format,chars,trading_relevance,relevance_hits,numeric_hits,read_error
1901616476,8f193f490a48,8f193f490a48fce8463db0a627d03a82b75d48f9e18a76cb15cfe9faff22aeaf,/home/rfing/READ_ONLY_LEGACY/TurboScribe Export 1901616476.zip,How to use Claude To Gain a Huge Day Trading Edge,How to use Claude To Gain a Huge Day Trading Edge.txt,txt,38078,trading_candidate,trade;trading,10 hours;10 minutes;15 minutes;20 minutes;30 minute;30 minutes;60 minutes;90 minutes;daily;weekly,
1901616476,8f193f490a48,8f193f490a48fce8463db0a627d03a82b75d48f9e18a76cb15cfe9faff22aeaf,/home/rfing/READ_ONLY_LEGACY/TurboScribe Export 1901616476.zip,Step-by-Step Tutorial to Make Consistent Daily Profits in 2026,Step-by-Step Tutorial to Make Consistent Daily Profits in 2026.txt,txt,32501,trading_candidate,ema;order;scalp;scalping;sma;trade;trading,2 to 1;3 to 1;30 minutes;4 to 1;9 ema;9ema;daily,
2465927669,4228f0b0a162,4228f0b0a162640bea1d16c30e963e9f6373ea2a3be5af5bbca1f74144ec88cd,/home/rfing/READ_ONLY_LEGACY/WSL_LEGACY_READ_ONLY/archived_20260530_oanda_legacy_batch2/RBOTZILLA_PHOENIX/dec4_dec10/TurboScribe Export 2465927669.zip,ChatGPT Trading Strategy Made 19527% Profit ( FULL TUTORIAL ),ChatGPT Trading Strategy Made 19527% Profit ( FULL TUTORIAL ).txt,txt,7166,trading_candidate,moving average;strategy;technical analysis;trading,200 ema;3-minute,
2465927669,4228f0b0a162,4228f0b0a162640bea1d16c30e963e9f6373ea2a3be5af5bbca1f74144ec88cd,/home/rfing/READ_ONLY_LEGACY/WSL_LEGACY_READ_ONLY/archived_20260530_oanda_legacy_batch2/RBOTZILLA_PHOENIX/dec4_dec10/TurboScribe Export 2465927669.zip,Forex trading Strategy 100% winning trades!! WIN every trade you take!!!,Forex trading Strategy 100% winning trades!! WIN every trade you take!!!.txt,txt,11998,trading_candidate,forex;order;strategy;trade;trading,10 pips;20 pips;24 pips;3 to 1;4 pips;5 hours;50 pips;60 pips;8 pips;80 pips,
2465927669,4228f0b0a162,4228f0b0a162640bea1d16c30e963e9f6373ea2a3be5af5bbca1f74144ec88cd,/home/rfing/READ_ONLY_LEGACY/WSL_LEGACY_READ_ONLY/archived_20260530_oanda_legacy_batch2/RBOTZILLA_PHOENIX/dec4_dec10/TurboScribe Export 2465927669.zip,"How I Made $1,000,000 in 51 Days of Day Trading (Full Training)","How I Made $1,000,000 in 51 Days of Day Trading (Full Training).txt",txt,101333,trading_candidate,sma;strategy;trade;trading,1 to 1;10 minutes;10 to 1;12 hours;15 minute;2 to 1;20 minutes;3 to 1;30 minutes;5 to 1;daily,
2465927669,4228f0b0a162,4228f0b0a162640bea1d16c30e963e9f6373ea2a3be5af5bbca1f74144ec88cd,/home/rfing/READ_ONLY_LEGACY/WSL_LEGACY_READ_ONLY/archived_20260530_oanda_legacy_batch2/RBOTZILLA_PHOENIX/dec4_dec10/TurboScribe Export 2465927669.zip,"How I Make $1,000Day with ONE Simple Strategy [100x Trading Tutorial]","How I Make $1,000Day with ONE Simple Strategy [100x Trading Tutorial].txt",txt,28264,trading_candidate,demand;ema;strategy;supply;trade;trading,daily,
2465927669,4228f0b0a162,4228f0b0a162640bea1d16c30e963e9f6373ea2a3be5af5bbca1f74144ec88cd,/home/rfing/READ_ONLY_LEGACY/WSL_LEGACY_READ_ONLY/archived_20260530_oanda_legacy_batch2/RBOTZILLA_PHOENIX/dec4_dec10/TurboScribe Export 2465927669.zip,How Liquidity and Manipulations Work,How Liquidity and Manipulations Work.txt,txt,9068,trading_candidate,liquidity;order;sma;trade;volume,,
2465927669,4228f0b0a162,4228f0b0a162640bea1d16c30e963e9f6373ea2a3be5af5bbca1f74144ec88cd,/home/rfing/READ_ONLY_LEGACY/WSL_LEGACY_READ_ONLY/archived_20260530_oanda_legacy_batch2/RBOTZILLA_PHOENIX/dec4_dec10/TurboScribe Export 2465927669.zip,"How do ( FVG, OB, RB ) work","How do ( FVG, OB, RB ) work.txt",txt,14588,trading_candidate,fvg;liquidity;order;strategy;volume,,
2465927669,4228f0b0a162,4228f0b0a162640bea1d16c30e963e9f6373ea2a3be5af5bbca1f74144ec88cd,/home/rfing/READ_ONLY_LEGACY/WSL_LEGACY_READ_ONLY/archived_20260530_oanda_legacy_batch2/RBOTZILLA_PHOENIX/dec4_dec10/TurboScribe Export 2465927669.zip,My Simple 5 Minute Scalping Strategy (Rules Based),My Simple 5 Minute Scalping Strategy (Rules Based).txt,txt,20969,trading_candidate,scalp;scalping;strategy;trade;trading,15 minute;90 minutes;92 minutes;daily,
2465927669,4228f0b0a162,4228f0b0a162640bea1d16c30e963e9f6373ea2a3be5af5bbca1f74144ec88cd,/home/rfing/READ_ONLY_LEGACY/WSL_LEGACY_READ_ONLY/archived_20260530_oanda_legacy_batch2/RBOTZILLA_PHOENIX/dec4_dec10/TurboScribe Export 2465927669.zip,"This Trading Strategy is Boring, but Made Me My First $100,000","This Trading Strategy is Boring, but Made Me My First $100,000.txt",txt,27501,trading_candidate,order;range;strategy;trade;trading,15 minute;30 minute;daily;weekly,
2971328458,e0b936ecc18d,e0b936ecc18d9640ef17ac76d9eafa5344cbdf129e7d408f6853ae1d12b27a50,/home/rfing/READ_ONLY_LEGACY/WSL_LEGACY_READ_ONLY/archived_20260530_oanda_legacy_batch1/RBOTZILLA_OANDA_LAB/TurboScribe Export 2971328458.zip,"Build Anything with Grok 3, Here's How","Build Anything with Grok 3, Here's How.txt",txt,31845,low_or_none,,,
2971328458,e0b936ecc18d,e0b936ecc18d9640ef17ac76d9eafa5344cbdf129e7d408f6853ae1d12b27a50,/home/rfing/READ_ONLY_LEGACY/WSL_LEGACY_READ_ONLY/archived_20260530_oanda_legacy_batch1/RBOTZILLA_OANDA_LAB/TurboScribe Export 2971328458.zip,Can I remake those SHTTY mobile games in 1 HOUR,Can I remake those SHTTY mobile games in 1 HOUR.txt,txt,21466,trading_candidate,ema,10 minutes;20 minutes;23 minutes;24 hours;24 minutes;40 minutes;60 minutes,
2971328458,e0b936ecc18d,e0b936ecc18d9640ef17ac76d9eafa5344cbdf129e7d408f6853ae1d12b27a50,/home/rfing/READ_ONLY_LEGACY/WSL_LEGACY_READ_ONLY/archived_20260530_oanda_legacy_batch1/RBOTZILLA_OANDA_LAB/TurboScribe Export 2971328458.zip,How To Trade Futures For Beginners The Basics of Futures Trading [Class 1],How To Trade Futures For Beginners  The Basics of Futures Trading [Class 1].txt,txt,30683,trading_candidate,ema;trade;trading,,
2971328458,e0b936ecc18d,e0b936ecc18d9640ef17ac76d9eafa5344cbdf129e7d408f6853ae1d12b27a50,/home/rfing/READ_ONLY_LEGACY/WSL_LEGACY_READ_ONLY/archived_20260530_oanda_legacy_batch1/RBOTZILLA_OANDA_LAB/TurboScribe Export 2971328458.zip,How to Build a Basic Android Game in Just 7 Minutes (Unity),How to Build a Basic Android Game in Just 7 Minutes (Unity).txt,txt,8943,low_or_none,,,
2971328458,e0b936ecc18d,e0b936ecc18d9640ef17ac76d9eafa5344cbdf129e7d408f6853ae1d12b27a50,/home/rfing/READ_ONLY_LEGACY/WSL_LEGACY_READ_ONLY/archived_20260530_oanda_legacy_batch1/RBOTZILLA_OANDA_LAB/TurboScribe Export 2971328458.zip,How to Make a Game in 10 Minutes (and then publish it),How to Make a Game in 10 Minutes (and then publish it).txt,txt,8402,low_or_none,,10 minutes;45 minutes,
2971328458,e0b936ecc18d,e0b936ecc18d9640ef17ac76d9eafa5344cbdf129e7d408f6853ae1d12b27a50,/home/rfing/READ_ONLY_LEGACY/WSL_LEGACY_READ_ONLY/archived_20260530_oanda_legacy_batch1/RBOTZILLA_OANDA_LAB/TurboScribe Export 2971328458.zip,How to make YOUR dream game with no experience,How to make YOUR dream game with no experience.txt,txt,9569,trading_candidate,block;sma,20 minutes,
2971328458,e0b936ecc18d,e0b936ecc18d9640ef17ac76d9eafa5344cbdf129e7d408f6853ae1d12b27a50,/home/rfing/READ_ONLY_LEGACY/WSL_LEGACY_READ_ONLY/archived_20260530_oanda_legacy_batch1/RBOTZILLA_OANDA_LAB/TurboScribe Export 2971328458.zip,I Made a Mobile Game for the Money - Here's how Devlog,I Made a Mobile Game for the Money - Here's how  Devlog.txt,txt,4784,low_or_none,,,
2971328458,e0b936ecc18d,e0b936ecc18d9640ef17ac76d9eafa5344cbdf129e7d408f6853ae1d12b27a50,/home/rfing/READ_ONLY_LEGACY/WSL_LEGACY_READ_ONLY/archived_20260530_oanda_legacy_batch1/RBOTZILLA_OANDA_LAB/TurboScribe Export 2971328458.zip,Options Trading Explained - COMPLETE BEGINNERS GUIDE (Part 1),Options Trading Explained - COMPLETE BEGINNERS GUIDE (Part 1).txt,txt,12146,trading_candidate,trading,,
2971328458,e0b936ecc18d,e0b936ecc18d9640ef17ac76d9eafa5344cbdf129e7d408f6853ae1d12b27a50,/home/rfing/READ_ONLY_LEGACY/WSL_LEGACY_READ_ONLY/archived_20260530_oanda_legacy_batch1/RBOTZILLA_OANDA_LAB/TurboScribe Export 2971328458.zip,Technical Analysis is Hard (until you see this),Technical Analysis is Hard (until you see this).txt,txt,24318,trading_candidate,demand;ema;order;price action;risk;technical analysis;trade;trading,daily;weekly,
2971328458,e0b936ecc18d,e0b936ecc18d9640ef17ac76d9eafa5344cbdf129e7d408f6853ae1d12b27a50,/home/rfing/READ_ONLY_LEGACY/WSL_LEGACY_READ_ONLY/archived_20260530_oanda_legacy_batch1/RBOTZILLA_OANDA_LAB/TurboScribe Export 2971328458.zip,The Difference Between Trading and Investing,The Difference Between Trading and Investing.txt,txt,11855,trading_candidate,trade;trading,,
2971328458,e0b936ecc18d,e0b936ecc18d9640ef17ac76d9eafa5344cbdf129e7d408f6853ae1d12b27a50,/home/rfing/READ_ONLY_LEGACY/WSL_LEGACY_READ_ONLY/archived_20260530_oanda_legacy_batch1/RBOTZILLA_OANDA_LAB/TurboScribe Export 2971328458.zip,The Einstein Of Wall Street Reveals Successes And Failures As NYSE's Most Famous Trader,The Einstein Of Wall Street Reveals Successes And Failures As NYSE's Most Famous Trader.txt,txt,6329,trading_candidate,strategy;trade;trading,,
2971328458,e0b936ecc18d,e0b936ecc18d9640ef17ac76d9eafa5344cbdf129e7d408f6853ae1d12b27a50,/home/rfing/READ_ONLY_LEGACY/WSL_LEGACY_READ_ONLY/archived_20260530_oanda_legacy_batch1/RBOTZILLA_OANDA_LAB/TurboScribe Export 2971328458.zip,This Is How The SMART Money Manipulates YOUR Trades! (Leaked Video),This Is How The SMART Money Manipulates YOUR Trades! (Leaked Video).txt,txt,17168,trading_candidate,forex;rsi;sma;trade,,
2971328458,e0b936ecc18d,e0b936ecc18d9640ef17ac76d9eafa5344cbdf129e7d408f6853ae1d12b27a50,/home/rfing/READ_ONLY_LEGACY/WSL_LEGACY_READ_ONLY/archived_20260530_oanda_legacy_batch1/RBOTZILLA_OANDA_LAB/TurboScribe Export 2971328458.zip,Wall Street Trader I Will EXPOSE Exactly HOW The Market Algorithm Works,Wall Street Trader I Will EXPOSE Exactly HOW The Market Algorithm Works.txt,txt,90325,trading_candidate,liquidity;sma;trade;trading,10 to 1;100 percent;23 percent;40 percent;5 percent;50 percent;70 percent;80 percent;9 ema;90 percent;daily;monthly;weekly,
3076884018,22ca901c9aaf,22ca901c9aaf94679670a013b42b47173a086497450b40b484181c83f4c6a291,/home/rfing/READ_ONLY_LEGACY/backups/RESTORED_PRE10AM_TRANSFER_READY_20260430_025439/repos/CBA_CLONE/TurboScribe Export 3076884018.zip,How I Swing Trade for Continuous Realized Gains - My Full Strategy Revealed,How I Swing Trade for Continuous Realized Gains - My Full Strategy Revealed.txt,txt,50507,trading_candidate,strategy;trade;trading,30 minutes,
3076884018,3956da1595c9,3956da1595c91d79548ca1ff40e332541ce8480841461038c81798453baa2557,/home/rfing/READ_ONLY_LEGACY/TurboScribe Export 3076884018.zip,How I Swing Trade for Continuous Realized Gains - My Full Strategy Revealed,How I Swing Trade for Continuous Realized Gains - My Full Strategy Revealed.txt,txt,50507,trading_candidate,strategy;trade;trading,30 minutes,
3076884018,22ca901c9aaf,22ca901c9aaf94679670a013b42b47173a086497450b40b484181c83f4c6a291,/home/rfing/READ_ONLY_LEGACY/backups/RESTORED_PRE10AM_TRANSFER_READY_20260430_025439/repos/CBA_CLONE/TurboScribe Export 3076884018.zip,Most Effective RANGE Trading Strategy for Crypto Forex & Stocks (SidewaysChoppy Market Strategy),Most Effective RANGE Trading Strategy for Crypto Forex & Stocks (SidewaysChoppy Market Strategy).txt,txt,15415,trading_candidate,forex;macd;order;range;strategy;technical analysis;trade;trading,1 minute;15 minute,
3076884018,3956da1595c9,3956da1595c91d79548ca1ff40e332541ce8480841461038c81798453baa2557,/home/rfing/READ_ONLY_LEGACY/TurboScribe Export 3076884018.zip,Most Effective RANGE Trading Strategy for Crypto Forex & Stocks (SidewaysChoppy Market Strategy),Most Effective RANGE Trading Strategy for Crypto Forex & Stocks (SidewaysChoppy Market Strategy).txt,txt,15415,trading_candidate,forex;macd;order;range;strategy;technical analysis;trade;trading,1 minute;15 minute,
3076884018,22ca901c9aaf,22ca901c9aaf94679670a013b42b47173a086497450b40b484181c83f4c6a291,/home/rfing/READ_ONLY_LEGACY/backups/RESTORED_PRE10AM_TRANSFER_READY_20260430_025439/repos/CBA_CLONE/TurboScribe Export 3076884018.zip,Order Blocks Explained Trade Like the Banks (No BS Guide),Order Blocks Explained Trade Like the Banks (No BS Guide).txt,txt,31838,trading_candidate,block;liquidity;order;sma;strategy;trade;trading,1 hour;1 minute;15 minute;4 hour;5 minute,
3076884018,3956da1595c9,3956da1595c91d79548ca1ff40e332541ce8480841461038c81798453baa2557,/home/rfing/READ_ONLY_LEGACY/TurboScribe Export 3076884018.zip,Order Blocks Explained Trade Like the Banks (No BS Guide),Order Blocks Explained Trade Like the Banks (No BS Guide).txt,txt,31838,trading_candidate,block;liquidity;order;sma;strategy;trade;trading,1 hour;1 minute;15 minute;4 hour;5 minute,
3076884018,22ca901c9aaf,22ca901c9aaf94679670a013b42b47173a086497450b40b484181c83f4c6a291,/home/rfing/READ_ONLY_LEGACY/backups/RESTORED_PRE10AM_TRANSFER_READY_20260430_025439/repos/CBA_CLONE/TurboScribe Export 3076884018.zip,Step-by-Step Tutorial to Make Consistent Daily Profits in 2026,Step-by-Step Tutorial to Make Consistent Daily Profits in 2026.txt,txt,34270,trading_candidate,ema;order;scalp;scalping;sma;trade;trading,2 to 1;3 to 1;30 minutes;4 to 1;9 ema;9ema;daily,
3076884018,3956da1595c9,3956da1595c91d79548ca1ff40e332541ce8480841461038c81798453baa2557,/home/rfing/READ_ONLY_LEGACY/TurboScribe Export 3076884018.zip,Step-by-Step Tutorial to Make Consistent Daily Profits in 2026,Step-by-Step Tutorial to Make Consistent Daily Profits in 2026.txt,txt,34270,trading_candidate,ema;order;scalp;scalping;sma;trade;trading,2 to 1;3 to 1;30 minutes;4 to 1;9 ema;9ema;daily,
319702483,3c46848c7b75,3c46848c7b75f693ce25773d105d59cd21ab6742cf5b6450a1072837d0b796d8,/home/rfing/READ_ONLY_LEGACY/WSL_LEGACY_READ_ONLY/archived_20260530_oanda_legacy_batch1/RBOTZILLA_OANDA_LAB/TurboScribe Export 319702483.zip,"$1 to $34,009.26 Parabolic SAR+CCI Binary Options Trading","$1 to $34,009.26  Parabolic SAR+CCI Binary Options Trading.txt",txt,9772,trading_candidate,risk;strategy;trade;trading,1 minute,
319702483,3c46848c7b75,3c46848c7b75f693ce25773d105d59cd21ab6742cf5b6450a1072837d0b796d8,/home/rfing/READ_ONLY_LEGACY/WSL_LEGACY_READ_ONLY/archived_20260530_oanda_legacy_batch1/RBOTZILLA_OANDA_LAB/TurboScribe Export 319702483.zip,$10 to $11825.40 in 1 hour! Fractal + SMA Crossover Strategy,$10 to $11825.40 in 1 hour!  Fractal + SMA Crossover Strategy.txt,txt,9413,trading_candidate,demand;ema;moving average;risk;sma;strategy;supply;trade;trading,1 minute;daily,
319702483,3c46848c7b75,3c46848c7b75f693ce25773d105d59cd21ab6742cf5b6450a1072837d0b796d8,/home/rfing/READ_ONLY_LEGACY/WSL_LEGACY_READ_ONLY/archived_20260530_oanda_legacy_batch1/RBOTZILLA_OANDA_LAB/TurboScribe Export 319702483.zip,0DTE Inside the Explosion of Ultra-Risky Options Trading WSJ,0DTE Inside the Explosion of Ultra-Risky Options Trading  WSJ.txt,txt,5469,trading_candidate,risk;trade;trading,,
319702483,3c46848c7b75,3c46848c7b75f693ce25773d105d59cd21ab6742cf5b6450a1072837d0b796d8,/home/rfing/READ_ONLY_LEGACY/WSL_LEGACY_READ_ONLY/archived_20260530_oanda_legacy_batch1/RBOTZILLA_OANDA_LAB/TurboScribe Export 319702483.zip,15 Best Price Action Strategies After 15 Years of Trading (The Holy Grail),15 Best Price Action Strategies After 15 Years of Trading (The Holy Grail).txt,txt,29581,trading_candidate,demand;ema;price action;rsi;supply;trade;trading,daily;monthly;weekly,
319702483,3c46848c7b75,3c46848c7b75f693ce25773d105d59cd21ab6742cf5b6450a1072837d0b796d8,/home/rfing/READ_ONLY_LEGACY/WSL_LEGACY_READ_ONLY/archived_20260530_oanda_legacy_batch1/RBOTZILLA_OANDA_LAB/TurboScribe Export 319702483.zip,3 Bitcoin STRATEGIES You NEED to Know (FREE),3 Bitcoin STRATEGIES You NEED to Know (FREE).txt,txt,17423,trading_candidate,risk;trade;trading,,
319702483,3c46848c7b75,3c46848c7b75f693ce25773d105d59cd21ab6742cf5b6450a1072837d0b796d8,/home/rfing/READ_ONLY_LEGACY/WSL_LEGACY_READ_ONLY/archived_20260530_oanda_legacy_batch1/RBOTZILLA_OANDA_LAB/TurboScribe Export 319702483.zip,3 Proven Swing Trading Strategies (That Work),3 Proven Swing Trading Strategies (That Work).txt,txt,14049,trading_candidate,forex;range;trade;trading,,
319702483,3c46848c7b75,3c46848c7b75f693ce25773d105d59cd21ab6742cf5b6450a1072837d0b796d8,/home/rfing/READ_ONLY_LEGACY/WSL_LEGACY_READ_ONLY/archived_20260530_oanda_legacy_batch1/RBOTZILLA_OANDA_LAB/TurboScribe Export 319702483.zip,8 Dividend Stocks That Pay Me $660+ Per Month,8 Dividend Stocks That Pay Me $660+ Per Month.txt,txt,16279,low_or_none,,1.5 to 1;monthly,
319702483,3c46848c7b75,3c46848c7b75f693ce25773d105d59cd21ab6742cf5b6450a1072837d0b796d8,/home/rfing/READ_ONLY_LEGACY/WSL_LEGACY_READ_ONLY/archived_20260530_oanda_legacy_batch1/RBOTZILLA_OANDA_LAB/TurboScribe Export 319702483.zip,Algorithmic Trading Using Python - Full Course,Algorithmic Trading Using Python - Full Course.txt,txt,262034,trading_candidate,algorithmic;rsi;strategy;trading,10 percent,
319702483,3c46848c7b75,3c46848c7b75f693ce25773d105d59cd21ab6742cf5b6450a1072837d0b796d8,/home/rfing/READ_ONLY_LEGACY/WSL_LEGACY_READ_ONLY/archived_20260530_oanda_legacy_batch1/RBOTZILLA_OANDA_LAB/TurboScribe Export 319702483.zip,BEST Moving Average Strategy for Daytrading Forex (Easy Crossover Strategy),BEST Moving Average Strategy for Daytrading Forex (Easy Crossover Strategy).txt,txt,7871,trading_candidate,forex;moving average;range;strategy;trade;trading,200 ema;daily,
319702483,3c46848c7b75,3c46848c7b75f693ce25773d105d59cd21ab6742cf5b6450a1072837d0b796d8,/home/rfing/READ_ONLY_LEGACY/WSL_LEGACY_READ_ONLY/archived_20260530_oanda_legacy_batch1/RBOTZILLA_OANDA_LAB/TurboScribe Export 319702483.zip,Best Crypto Scalping Strategy for the 5 Minute Time Frame,Best Crypto Scalping Strategy for the 5 Minute Time Frame.txt,txt,15642,trading_candidate,ema;macd;moving average;scalp;scalping;sma;strategy;trade;trading,200 ema;50 ema,
319702483,3c46848c7b75,3c46848c7b75f693ce25773d105d59cd21ab6742cf5b6450a1072837d0b796d8,/home/rfing/READ_ONLY_LEGACY/WSL_LEGACY_READ_ONLY/archived_20260530_oanda_legacy_batch1/RBOTZILLA_OANDA_LAB/TurboScribe Export 319702483.zip,Bill Poulos Presents Call Options & Put Options Explained In 8 Minutes (Options For Beginners),Bill Poulos Presents Call Options & Put Options Explained In 8 Minutes (Options For Beginners).txt,txt,7461,low_or_none,,,
319702483,3c46848c7b75,3c46848c7b75f693ce25773d105d59cd21ab6742cf5b6450a1072837d0b796d8,/home/rfing/READ_ONLY_LEGACY/WSL_LEGACY_READ_ONLY/archived_20260530_oanda_legacy_batch1/RBOTZILLA_OANDA_LAB/TurboScribe Export 319702483.zip,COMPLETE Supply & Demand Trading Course,COMPLETE Supply & Demand Trading Course.txt,txt,16675,trading_candidate,demand;ema;sma;strategy;supply;trade;trading;volume,,
319702483,3c46848c7b75,3c46848c7b75f693ce25773d105d59cd21ab6742cf5b6450a1072837d0b796d8,/home/rfing/READ_ONLY_LEGACY/WSL_LEGACY_READ_ONLY/archived_20260530_oanda_legacy_batch1/RBOTZILLA_OANDA_LAB/TurboScribe Export 319702483.zip,DAY TRADING INSANITY!!!,DAY TRADING INSANITY!!!.txt,txt,28503,trading_candidate,trade;trading,10 minutes;15 minute;15 minutes;25 minutes;30 minute;30 minutes;50 percent;60 percent;70 percent;80 percent;daily,
319702483,3c46848c7b75,3c46848c7b75f693ce25773d105d59cd21ab6742cf5b6450a1072837d0b796d8,/home/rfing/READ_ONLY_LEGACY/WSL_LEGACY_READ_ONLY/archived_20260530_oanda_legacy_batch1/RBOTZILLA_OANDA_LAB/TurboScribe Export 319702483.zip,Every Trading Strategy Explained in 12 Minutes,Every Trading Strategy Explained in 12 Minutes (2).txt,txt,12377,trading_candidate,breakout;rsi;strategy;trade;trading,,
319702483,3c46848c7b75,3c46848c7b75f693ce25773d105d59cd21ab6742cf5b6450a1072837d0b796d8,/home/rfing/READ_ONLY_LEGACY/WSL_LEGACY_READ_ONLY/archived_20260530_oanda_legacy_batch1/RBOTZILLA_OANDA_LAB/TurboScribe Export 319702483.zip,HODL and DCA are Bad Strategies For Crypto Assets - Here is Why!,HODL and DCA are Bad Strategies For Crypto Assets - Here is Why!.txt,txt,17497,trading_candidate,strategy;trading,26 percent;369 percent;50 percent;600 percent;76 percent,
319702483,3c46848c7b75,3c46848c7b75f693ce25773d105d59cd21ab6742cf5b6450a1072837d0b796d8,/home/rfing/READ_ONLY_LEGACY/WSL_LEGACY_READ_ONLY/archived_20260530_oanda_legacy_batch1/RBOTZILLA_OANDA_LAB/TurboScribe Export 319702483.zip,HOW YOU CAN BE A GREAT DAY TRADER!,HOW YOU CAN BE A GREAT DAY TRADER!.txt,txt,5779,trading_candidate,trade;trading,,
319702483,3c46848c7b75,3c46848c7b75f693ce25773d105d59cd21ab6742cf5b6450a1072837d0b796d8,/home/rfing/READ_ONLY_LEGACY/WSL_LEGACY_READ_ONLY/archived_20260530_oanda_legacy_batch1/RBOTZILLA_OANDA_LAB/TurboScribe Export 319702483.zip,Hot Stocks Under $10 - For Huge Growth!,Hot Stocks Under $10 - For Huge Growth!.txt,txt,11390,trading_candidate,ema;risk;sma;trading,15 minute,
319702483,3c46848c7b75,3c46848c7b75f693ce25773d105d59cd21ab6742cf5b6450a1072837d0b796d8,/home/rfing/READ_ONLY_LEGACY/WSL_LEGACY_READ_ONLY/archived_20260530_oanda_legacy_batch1/RBOTZILLA_OANDA_LAB/TurboScribe Export 319702483.zip,How People Get Rich With Options Trading (Math Shown),How People Get Rich With Options Trading (Math Shown).txt,txt,5352,trading_candidate,trading,,
319702483,3c46848c7b75,3c46848c7b75f693ce25773d105d59cd21ab6742cf5b6450a1072837d0b796d8,/home/rfing/READ_ONLY_LEGACY/WSL_LEGACY_READ_ONLY/archived_20260530_oanda_legacy_batch1/RBOTZILLA_OANDA_LAB/TurboScribe Export 319702483.zip,How Short Selling Works,How Short Selling Works.txt,txt,10547,trading_candidate,order;risk;strategy;trading,,
319702483,3c46848c7b75,3c46848c7b75f693ce25773d105d59cd21ab6742cf5b6450a1072837d0b796d8,/home/rfing/READ_ONLY_LEGACY/WSL_LEGACY_READ_ONLY/archived_20260530_oanda_legacy_batch1/RBOTZILLA_OANDA_LAB/TurboScribe Export 319702483.zip,How To Make $5000month with Only $25week,How To Make $5000month with Only $25week.txt,txt,10297,trading_candidate,sma;strategy,10.31 percent;10.87 percent;10.98 percent;11.4 percent;11.98 percent;15.49 percent;16 percent;17.91 percent;2.04 percent;2.1 percent;2.5 percent;2.59 percent;2.76 percent;20.48 percent;7.89 percent;8.17 percent;monthly;weekly,
319702483,3c46848c7b75,3c46848c7b75f693ce25773d105d59cd21ab6742cf5b6450a1072837d0b796d8,/home/rfing/READ_ONLY_LEGACY/WSL_LEGACY_READ_ONLY/archived_20260530_oanda_legacy_batch1/RBOTZILLA_OANDA_LAB/TurboScribe Export 319702483.zip,How To Profit From A Trump Presidency In 2025,How To Profit From A Trump Presidency In 2025.txt,txt,22959,trading_candidate,sma,10 percent;15 percent;16 percent;26 percent;28 percent;41 percent;daily,
319702483,3c46848c7b75,3c46848c7b75f693ce25773d105d59cd21ab6742cf5b6450a1072837d0b796d8,/home/rfing/READ_ONLY_LEGACY/WSL_LEGACY_READ_ONLY/archived_20260530_oanda_legacy_batch1/RBOTZILLA_OANDA_LAB/TurboScribe Export 319702483.zip,How to Double Your Money Using The Rule of 72,How to Double Your Money Using The Rule of 72.txt,txt,8216,low_or_none,,,
319702483,3c46848c7b75,3c46848c7b75f693ce25773d105d59cd21ab6742cf5b6450a1072837d0b796d8,/home/rfing/READ_ONLY_LEGACY/WSL_LEGACY_READ_ONLY/archived_20260530_oanda_legacy_batch1/RBOTZILLA_OANDA_LAB/TurboScribe Export 319702483.zip,How to Invest for Beginners in 2025,How to Invest for Beginners in 2025.txt,txt,21955,trading_candidate,risk,,
319702483,3c46848c7b75,3c46848c7b75f693ce25773d105d59cd21ab6742cf5b6450a1072837d0b796d8,/home/rfing/READ_ONLY_LEGACY/WSL_LEGACY_READ_ONLY/archived_20260530_oanda_legacy_batch1/RBOTZILLA_OANDA_LAB/TurboScribe Export 319702483.zip,I Decoded The Liquidity & Manipulation Algorithm In Day Trading,I Decoded The Liquidity & Manipulation Algorithm In Day Trading.txt,txt,12188,trading_candidate,forex;liquidity;reward;sma;trade;trading;volume,15 minutes;30 minutes,
319702483,3c46848c7b75,3c46848c7b75f693ce25773d105d59cd21ab6742cf5b6450a1072837d0b796d8,/home/rfing/READ_ONLY_LEGACY/WSL_LEGACY_READ_ONLY/archived_20260530_oanda_legacy_batch1/RBOTZILLA_OANDA_LAB/TurboScribe Export 319702483.zip,"I risk $107 to make $7,500 in TradingΓÇª This is how","I risk $107 to make $7,500 in TradingΓÇª This is how.txt",txt,20848,trading_candidate,order;risk;strategy;trade;trading,50 percent;55 percent,
319702483,3c46848c7b75,3c46848c7b75f693ce25773d105d59cd21ab6742cf5b6450a1072837d0b796d8,/home/rfing/READ_ONLY_LEGACY/WSL_LEGACY_READ_ONLY/archived_20260530_oanda_legacy_batch1/RBOTZILLA_OANDA_LAB/TurboScribe Export 319702483.zip,Investing For Beginners - How I Make $17K per Week from Stocks,Investing For Beginners - How I Make $17K per Week from Stocks.txt,txt,18375,trading_candidate,risk;sma,,
319702483,3c46848c7b75,3c46848c7b75f693ce25773d105d59cd21ab6742cf5b6450a1072837d0b796d8,/home/rfing/READ_ONLY_LEGACY/WSL_LEGACY_READ_ONLY/archived_20260530_oanda_legacy_batch1/RBOTZILLA_OANDA_LAB/TurboScribe Export 319702483.zip,Investing for Beginners - How I Make Millions from Stocks (Full Guide),Investing for Beginners - How I Make Millions from Stocks (Full Guide).txt,txt,12203,trading_candidate,trade,,
319702483,3c46848c7b75,3c46848c7b75f693ce25773d105d59cd21ab6742cf5b6450a1072837d0b796d8,/home/rfing/READ_ONLY_LEGACY/WSL_LEGACY_READ_ONLY/archived_20260530_oanda_legacy_batch1/RBOTZILLA_OANDA_LAB/TurboScribe Export 319702483.zip,Iron Condor Options Trading Strategy - Best Explanation,Iron Condor Options Trading Strategy - Best Explanation.txt,txt,11687,trading_candidate,ema;risk;sma;strategy;trade;trading,weekly,
319702483,3c46848c7b75,3c46848c7b75f693ce25773d105d59cd21ab6742cf5b6450a1072837d0b796d8,/home/rfing/READ_ONLY_LEGACY/WSL_LEGACY_READ_ONLY/archived_20260530_oanda_legacy_batch1/RBOTZILLA_OANDA_LAB/TurboScribe Export 319702483.zip,ItΓÇÖs Over for the Stock Market TrumpΓÇÖs ΓÇÿPlannedΓÇÖ Crash Explained,ItΓÇÖs Over for the Stock Market TrumpΓÇÖs ΓÇÿPlannedΓÇÖ Crash Explained.txt,txt,13700,trading_candidate,trade,weekly,
319702483,3c46848c7b75,3c46848c7b75f693ce25773d105d59cd21ab6742cf5b6450a1072837d0b796d8,/home/rfing/READ_ONLY_LEGACY/WSL_LEGACY_READ_ONLY/archived_20260530_oanda_legacy_batch1/RBOTZILLA_OANDA_LAB/TurboScribe Export 319702483.zip,Jim Simons How To Achieve a 66% Return Per Year (7 Strategies),Jim Simons How To Achieve a 66% Return Per Year (7 Strategies).txt,txt,14223,trading_candidate,ema;trade;trading,monthly,
319702483,3c46848c7b75,3c46848c7b75f693ce25773d105d59cd21ab6742cf5b6450a1072837d0b796d8,/home/rfing/READ_ONLY_LEGACY/WSL_LEGACY_READ_ONLY/archived_20260530_oanda_legacy_batch1/RBOTZILLA_OANDA_LAB/TurboScribe Export 319702483.zip,Options Trading For Beginners Step By Step,Options Trading For Beginners  Step By Step.txt,txt,25929,trading_candidate,ema;trading,monthly,
319702483,3c46848c7b75,3c46848c7b75f693ce25773d105d59cd21ab6742cf5b6450a1072837d0b796d8,/home/rfing/READ_ONLY_LEGACY/WSL_LEGACY_READ_ONLY/archived_20260530_oanda_legacy_batch1/RBOTZILLA_OANDA_LAB/TurboScribe Export 319702483.zip,Paper Trading on TradingView Tutorial,Paper Trading on TradingView Tutorial.txt,txt,25404,trading_candidate,trade;trading,,
319702483,3c46848c7b75,3c46848c7b75f693ce25773d105d59cd21ab6742cf5b6450a1072837d0b796d8,/home/rfing/READ_ONLY_LEGACY/WSL_LEGACY_READ_ONLY/archived_20260530_oanda_legacy_batch1/RBOTZILLA_OANDA_LAB/TurboScribe Export 319702483.zip,Passive Income How I Started Dropshipping From Scratch (STEP BY STEP),Passive Income How I Started Dropshipping From Scratch (STEP BY STEP).txt,txt,20705,trading_candidate,ema;order,24 hours,
319702483,3c46848c7b75,3c46848c7b75f693ce25773d105d59cd21ab6742cf5b6450a1072837d0b796d8,/home/rfing/READ_ONLY_LEGACY/WSL_LEGACY_READ_ONLY/archived_20260530_oanda_legacy_batch1/RBOTZILLA_OANDA_LAB/TurboScribe Export 319702483.zip,Profitable Forex Trader With NO BACKTESTING #TraderTips,Profitable Forex Trader With NO BACKTESTING  #TraderTips.txt,txt,7950,trading_candidate,forex;reward;risk;sma;trade;trading,20 pip;200 pips;2000 pips;daily,
319702483,3c46848c7b75,3c46848c7b75f693ce25773d105d59cd21ab6742cf5b6450a1072837d0b796d8,/home/rfing/READ_ONLY_LEGACY/WSL_LEGACY_READ_ONLY/archived_20260530_oanda_legacy_batch1/RBOTZILLA_OANDA_LAB/TurboScribe Export 319702483.zip,Renaissance Technologies - Trading Strategies Revealed A Documentary,Renaissance Technologies - Trading Strategies Revealed  A Documentary.txt,txt,14492,trading_candidate,ema;sma;trading,,
319702483,3c46848c7b75,3c46848c7b75f693ce25773d105d59cd21ab6742cf5b6450a1072837d0b796d8,/home/rfing/READ_ONLY_LEGACY/WSL_LEGACY_READ_ONLY/archived_20260530_oanda_legacy_batch1/RBOTZILLA_OANDA_LAB/TurboScribe Export 319702483.zip,SPX Gamma Trading Risk $30 to Make $800 (The Strategy Explained!),SPX Gamma Trading Risk $30 to Make $800 (The Strategy Explained!).txt,txt,11939,trading_candidate,delta;reward;risk;strategy;trade;trading,monthly,
319702483,3c46848c7b75,3c46848c7b75f693ce25773d105d59cd21ab6742cf5b6450a1072837d0b796d8,/home/rfing/READ_ONLY_LEGACY/WSL_LEGACY_READ_ONLY/archived_20260530_oanda_legacy_batch1/RBOTZILLA_OANDA_LAB/TurboScribe Export 319702483.zip,Small Account Options Income Strategy (Easy),Small Account Options Income Strategy (Easy).txt,txt,15509,trading_candidate,sma;strategy;trade;trading,weekly,
319702483,3c46848c7b75,3c46848c7b75f693ce25773d105d59cd21ab6742cf5b6450a1072837d0b796d8,/home/rfing/READ_ONLY_LEGACY/WSL_LEGACY_READ_ONLY/archived_20260530_oanda_legacy_batch1/RBOTZILLA_OANDA_LAB/TurboScribe Export 319702483.zip,TOP 4 Trading Strategies to Make $500Day For Beginners,TOP 4 Trading Strategies to Make $500Day For Beginners (2).txt,txt,13814,trading_candidate,order;rsi;strategy;trade;trading,,
319702483,3c46848c7b75,3c46848c7b75f693ce25773d105d59cd21ab6742cf5b6450a1072837d0b796d8,/home/rfing/READ_ONLY_LEGACY/WSL_LEGACY_READ_ONLY/archived_20260530_oanda_legacy_batch1/RBOTZILLA_OANDA_LAB/TurboScribe Export 319702483.zip,The $25B Day Trader that Even Warren Buffett Acknowledges,The $25B Day Trader that Even Warren Buffett Acknowledges.txt,txt,19158,trading_candidate,ema;sma;trade;trading,30 minutes,
319702483,3c46848c7b75,3c46848c7b75f693ce25773d105d59cd21ab6742cf5b6450a1072837d0b796d8,/home/rfing/READ_ONLY_LEGACY/WSL_LEGACY_READ_ONLY/archived_20260530_oanda_legacy_batch1/RBOTZILLA_OANDA_LAB/TurboScribe Export 319702483.zip,The Right Way To Buy Options - Long Vertical Spread,The Right Way To Buy Options - Long Vertical Spread.txt,txt,6718,trading_candidate,sma;strategy;trade;trading,,
319702483,3c46848c7b75,3c46848c7b75f693ce25773d105d59cd21ab6742cf5b6450a1072837d0b796d8,/home/rfing/READ_ONLY_LEGACY/WSL_LEGACY_READ_ONLY/archived_20260530_oanda_legacy_batch1/RBOTZILLA_OANDA_LAB/TurboScribe Export 319702483.zip,The Trick To Making BIG MONEY In Crypto (incl. Free Strategies),The Trick To Making BIG MONEY In Crypto (incl. Free Strategies).txt,txt,11761,trading_candidate,risk;sma;trade;trading,daily,
319702483,3c46848c7b75,3c46848c7b75f693ce25773d105d59cd21ab6742cf5b6450a1072837d0b796d8,/home/rfing/READ_ONLY_LEGACY/WSL_LEGACY_READ_ONLY/archived_20260530_oanda_legacy_batch1/RBOTZILLA_OANDA_LAB/TurboScribe Export 319702483.zip,The Vertical Spread Options Strategies (The ULTIMATE In-Depth Guide),The Vertical Spread Options Strategies (The ULTIMATE In-Depth Guide).txt,txt,66400,trading_candidate,trade;trading,,
319702483,3c46848c7b75,3c46848c7b75f693ce25773d105d59cd21ab6742cf5b6450a1072837d0b796d8,/home/rfing/READ_ONLY_LEGACY/WSL_LEGACY_READ_ONLY/archived_20260530_oanda_legacy_batch1/RBOTZILLA_OANDA_LAB/TurboScribe Export 319702483.zip,Trading with $10 to Prove it's Not Luck...,Trading with $10 to Prove it's Not Luck....txt,txt,17868,trading_candidate,reward;risk;scalp;scalping;sma;strategy;trade;trading,1 minute;daily,
319702483,3c46848c7b75,3c46848c7b75f693ce25773d105d59cd21ab6742cf5b6450a1072837d0b796d8,/home/rfing/READ_ONLY_LEGACY/WSL_LEGACY_READ_ONLY/archived_20260530_oanda_legacy_batch1/RBOTZILLA_OANDA_LAB/TurboScribe Export 319702483.zip,ULTIMATE Scalping Course (For Beginner to Advanced Traders),ULTIMATE Scalping Course (For Beginner to Advanced Traders).txt,txt,25462,trading_candidate,demand;ema;price action;rsi;scalp;scalping;sma;strategy;supply;trade;trading,40 pips,
319702483,3c46848c7b75,3c46848c7b75f693ce25773d105d59cd21ab6742cf5b6450a1072837d0b796d8,/home/rfing/READ_ONLY_LEGACY/WSL_LEGACY_READ_ONLY/archived_20260530_oanda_legacy_batch1/RBOTZILLA_OANDA_LAB/TurboScribe Export 319702483.zip,Warren Buffett 10 Mistakes Every Investor Makes,Warren Buffett 10 Mistakes Every Investor Makes.txt,txt,18975,trading_candidate,rsi,1 percent;30 percent;50 percent;60 percent,
319702483,3c46848c7b75,3c46848c7b75f693ce25773d105d59cd21ab6742cf5b6450a1072837d0b796d8,/home/rfing/READ_ONLY_LEGACY/WSL_LEGACY_READ_ONLY/archived_20260530_oanda_legacy_batch1/RBOTZILLA_OANDA_LAB/TurboScribe Export 319702483.zip,Warren Buffett The FASTEST Way To Living Off Dividends! ($4400month),Warren Buffett The FASTEST Way To Living Off Dividends! ($4400month).txt,txt,17681,trading_candidate,sma,100 percent;monthly,
319702483,3c46848c7b75,3c46848c7b75f693ce25773d105d59cd21ab6742cf5b6450a1072837d0b796d8,/home/rfing/READ_ONLY_LEGACY/WSL_LEGACY_READ_ONLY/archived_20260530_oanda_legacy_batch1/RBOTZILLA_OANDA_LAB/TurboScribe Export 319702483.zip,"What Makes a Really Good TradingView Strategy Max Drawdown, Profit Factor, Win Rate, ...","What Makes a Really Good TradingView Strategy Max Drawdown, Profit Factor, Win Rate, ....txt",txt,20768,trading_candidate,ema;strategy;trade;trading,,
319702483,3c46848c7b75,3c46848c7b75f693ce25773d105d59cd21ab6742cf5b6450a1072837d0b796d8,/home/rfing/READ_ONLY_LEGACY/WSL_LEGACY_READ_ONLY/archived_20260530_oanda_legacy_batch1/RBOTZILLA_OANDA_LAB/TurboScribe Export 319702483.zip,You'll Fail With Options Trading Until You Understand This ONE Thing,You'll Fail With Options Trading Until You Understand This ONE Thing.txt,txt,18518,trading_candidate,trade;trading,,
4076235464,de1718f2c52b,de1718f2c52ba3c817d9db91e7dc6febc4c755bf32f4bf9d01d825b39bdaeb7e,/home/rfing/READ_ONLY_LEGACY/TurboScribe Export 4076235464.zip,How to Scalp Like an Elite Prop Trader (Inside Look),How to Scalp Like an Elite Prop Trader (Inside Look).txt,txt,25710,trading_candidate,breakout;scalp;scalping;trade;trading,9 ema,
4076235464,de1718f2c52b,de1718f2c52ba3c817d9db91e7dc6febc4c755bf32f4bf9d01d825b39bdaeb7e,/home/rfing/READ_ONLY_LEGACY/TurboScribe Export 4076235464.zip,How to use Claude To Gain a Huge Day Trading Edge,How to use Claude To Gain a Huge Day Trading Edge.txt,txt,41033,trading_candidate,trade;trading,10 hours;10 minutes;15 minutes;20 minutes;30 minute;30 minutes;60 minutes;90 minutes;daily;weekly,
4076235464,de1718f2c52b,de1718f2c52ba3c817d9db91e7dc6febc4c755bf32f4bf9d01d825b39bdaeb7e,/home/rfing/READ_ONLY_LEGACY/TurboScribe Export 4076235464.zip,Scalping series #01 Rules for scalping,Scalping series #01 Rules for scalping.txt,txt,23832,trading_candidate,forex;moving average;order;reward;risk;scalp;scalping;trade,10 pips,
4076235464,de1718f2c52b,de1718f2c52ba3c817d9db91e7dc6febc4c755bf32f4bf9d01d825b39bdaeb7e,/home/rfing/READ_ONLY_LEGACY/TurboScribe Export 4076235464.zip,Step-by-Step Tutorial to Make Consistent Daily Profits in 2026,Step-by-Step Tutorial to Make Consistent Daily Profits in 2026.txt,txt,34270,trading_candidate,ema;order;scalp;scalping;sma;trade;trading,2 to 1;3 to 1;30 minutes;4 to 1;9 ema;9ema;daily,
825774768,8ef5c56377ed,8ef5c56377ed374ab7ce98a170e972c7909f7d5711526a44fd0717a1f42a33a2,/home/rfing/READ_ONLY_LEGACY/TurboScribe Export 825774768.zip,How I Avoid False Breakouts (My Secret Technique),How I Avoid False Breakouts (My Secret Technique).txt,txt,23915,trading_candidate,breakout;range;risk;trade;trading;volume,15 bars;15 minute;15 minutes,
825774768,8ef5c56377ed,8ef5c56377ed374ab7ce98a170e972c7909f7d5711526a44fd0717a1f42a33a2,/home/rfing/READ_ONLY_LEGACY/TurboScribe Export 825774768.zip,How I Swing Trade for Continuous Realized Gains - My Full Strategy Revealed,How I Swing Trade for Continuous Realized Gains - My Full Strategy Revealed.txt,txt,50250,trading_candidate,strategy;trade;trading,30 minutes,
825774768,8ef5c56377ed,8ef5c56377ed374ab7ce98a170e972c7909f7d5711526a44fd0717a1f42a33a2,/home/rfing/READ_ONLY_LEGACY/TurboScribe Export 825774768.zip,How to Scalp Like an Elite Prop Trader (Inside Look),How to Scalp Like an Elite Prop Trader (Inside Look).txt,txt,24299,trading_candidate,breakout;scalp;scalping;trade;trading,9 ema,
825774768,8ef5c56377ed,8ef5c56377ed374ab7ce98a170e972c7909f7d5711526a44fd0717a1f42a33a2,/home/rfing/READ_ONLY_LEGACY/TurboScribe Export 825774768.zip,How to use Claude To Gain a Huge Day Trading Edge,How to use Claude To Gain a Huge Day Trading Edge.txt,txt,38078,trading_candidate,trade;trading,10 hours;10 minutes;15 minutes;20 minutes;30 minute;30 minutes;60 minutes;90 minutes;daily;weekly,
825774768,8ef5c56377ed,8ef5c56377ed374ab7ce98a170e972c7909f7d5711526a44fd0717a1f42a33a2,/home/rfing/READ_ONLY_LEGACY/TurboScribe Export 825774768.zip,"ICT 2024 Mentorship How To Trade ICT FVGs Correctly September 16, 2024","ICT 2024 Mentorship  How To Trade ICT FVGs Correctly  September 16, 2024.txt",txt,105098,trading_candidate,fvg;range;trade;trading;volume,10 minutes;100 percent;30 minutes;50 percent;70 percent;90 percent,
825774768,8ef5c56377ed,8ef5c56377ed374ab7ce98a170e972c7909f7d5711526a44fd0717a1f42a33a2,/home/rfing/READ_ONLY_LEGACY/TurboScribe Export 825774768.zip,Most Effective RANGE Trading Strategy for Crypto Forex & Stocks (SidewaysChoppy Market Strategy),Most Effective RANGE Trading Strategy for Crypto Forex & Stocks (SidewaysChoppy Market Strategy).txt,txt,14670,trading_candidate,forex;macd;order;range;strategy;technical analysis;trade;trading,1 minute;15 minute,
825774768,8ef5c56377ed,8ef5c56377ed374ab7ce98a170e972c7909f7d5711526a44fd0717a1f42a33a2,/home/rfing/READ_ONLY_LEGACY/TurboScribe Export 825774768.zip,Moving Average Trading Tutorial (For Day Trading),Moving Average Trading Tutorial (For Day Trading).txt,txt,38281,trading_candidate,ema;moving average;range;risk;strategy;trade;trading;volume,10 minutes;200 ema;200 sma;30 minutes;45 minutes;9 ema;daily,
825774768,8ef5c56377ed,8ef5c56377ed374ab7ce98a170e972c7909f7d5711526a44fd0717a1f42a33a2,/home/rfing/READ_ONLY_LEGACY/TurboScribe Export 825774768.zip,Order Blocks Explained Trade Like the Banks (No BS Guide),Order Blocks Explained Trade Like the Banks (No BS Guide).txt,txt,30211,trading_candidate,block;liquidity;order;sma;strategy;trade;trading,1 hour;1 minute;15 minute;4 hour;5 minute,
825774768,8ef5c56377ed,8ef5c56377ed374ab7ce98a170e972c7909f7d5711526a44fd0717a1f42a33a2,/home/rfing/READ_ONLY_LEGACY/TurboScribe Export 825774768.zip,Real-World Edge w Jeff Holden SMB Capital Head of Trader Development SPECULATORS PODCAST EP 48,Real-World Edge w Jeff Holden SMB Capital Head of Trader Development  SPECULATORS PODCAST EP 48.txt,txt,53845,trading_candidate,order;reward;risk;trade;trading,30 minutes;daily,
825774768,8ef5c56377ed,8ef5c56377ed374ab7ce98a170e972c7909f7d5711526a44fd0717a1f42a33a2,/home/rfing/READ_ONLY_LEGACY/TurboScribe Export 825774768.zip,SMB Quant (001) ΓÇ£Modeling ProcessΓÇ¥ with Jeff Holden from SMB Capital KTG,SMB Quant (001) ΓÇ£Modeling ProcessΓÇ¥ with Jeff Holden from SMB Capital  KTG.txt,txt,41483,trading_candidate,trade;trading,15 minutes,
825774768,8ef5c56377ed,8ef5c56377ed374ab7ce98a170e972c7909f7d5711526a44fd0717a1f42a33a2,/home/rfing/READ_ONLY_LEGACY/TurboScribe Export 825774768.zip,Scalping series #01 Rules for scalping,Scalping series #01 Rules for scalping.txt,txt,22499,trading_candidate,forex;moving average;order;reward;risk;scalp;scalping;trade,10 pips,
825774768,8ef5c56377ed,8ef5c56377ed374ab7ce98a170e972c7909f7d5711526a44fd0717a1f42a33a2,/home/rfing/READ_ONLY_LEGACY/TurboScribe Export 825774768.zip,"Smart Money Concepts How I Combine Liquidity Sweeps, FVGs & Order Blocks (Full Strategy)","Smart Money Concepts How I Combine Liquidity Sweeps, FVGs & Order Blocks (Full Strategy).txt",txt,12260,trading_candidate,block;demand;ema;fvg;liquidity;order;risk;sma;strategy;supply;trade;trading,,
825774768,8ef5c56377ed,8ef5c56377ed374ab7ce98a170e972c7909f7d5711526a44fd0717a1f42a33a2,/home/rfing/READ_ONLY_LEGACY/TurboScribe Export 825774768.zip,Step-by-Step Tutorial to Make Consistent Daily Profits in 2026,Step-by-Step Tutorial to Make Consistent Daily Profits in 2026 (2).txt,txt,32501,trading_candidate,ema;order;scalp;scalping;sma;trade;trading,2 to 1;3 to 1;30 minutes;4 to 1;9 ema;9ema;daily,
825774768,8ef5c56377ed,8ef5c56377ed374ab7ce98a170e972c7909f7d5711526a44fd0717a1f42a33a2,/home/rfing/READ_ONLY_LEGACY/TurboScribe Export 825774768.zip,The Biggest Hidden Key In Trading,The Biggest Hidden Key In Trading.txt,txt,29023,trading_candidate,reward;risk;strategy;trade;trading,10 minutes;9 ema;daily,
825774768,8ef5c56377ed,8ef5c56377ed374ab7ce98a170e972c7909f7d5711526a44fd0717a1f42a33a2,/home/rfing/READ_ONLY_LEGACY/TurboScribe Export 825774768.zip,The Only Orderflow Guide You'll Ever Need,The Only Orderflow Guide You'll Ever Need.txt,txt,35186,trading_candidate,ema;order;orderflow;price action;sma;trade;trading;volume,2 to 1;daily,
825774768,8ef5c56377ed,8ef5c56377ed374ab7ce98a170e972c7909f7d5711526a44fd0717a1f42a33a2,/home/rfing/READ_ONLY_LEGACY/TurboScribe Export 825774768.zip,Trading LIVE with the #1 Scalper in the WORLD (EXTREME Accuracy),Trading LIVE with the #1 Scalper in the WORLD (EXTREME Accuracy).txt,txt,188119,trading_candidate,risk;scalp;strategy;trade;trading,1 hour;1 to 1;10 minutes;13 minutes;15 minutes;20 minutes;24 hours;3 minutes;30 minutes;30 percent;5 minutes;daily;monthly;weekly,
959515257,9949bd8af7b3,9949bd8af7b389c00dbc68567e50eb6aa896b9ae1ce3156570068a910981c8bf,/home/rfing/READ_ONLY_LEGACY/WSL_LEGACY_READ_ONLY/archived_20260530_oanda_legacy_batch1/RBOTZILLA_OANDA_LAB/TurboScribe Export 959515257.zip,Day Trader Turned $3K into $1.67Million in 2 Years,Day Trader Turned $3K into $1.67Million in 2 Years.txt,txt,43424,trading_candidate,ema;sma;trade;trading,10 minutes;20 minutes;30 minutes;daily,
959515257,9949bd8af7b3,9949bd8af7b389c00dbc68567e50eb6aa896b9ae1ce3156570068a910981c8bf,/home/rfing/READ_ONLY_LEGACY/WSL_LEGACY_READ_ONLY/archived_20260530_oanda_legacy_batch1/RBOTZILLA_OANDA_LAB/TurboScribe Export 959515257.zip,"I Just Made $120,000 in 48h With This Forex Trade","I Just Made $120,000 in 48h With This Forex Trade.txt",txt,17955,trading_candidate,forex;trade;trading,10 minutes;daily;weekly,
959515257,9949bd8af7b3,9949bd8af7b389c00dbc68567e50eb6aa896b9ae1ce3156570068a910981c8bf,/home/rfing/READ_ONLY_LEGACY/WSL_LEGACY_READ_ONLY/archived_20260530_oanda_legacy_batch1/RBOTZILLA_OANDA_LAB/TurboScribe Export 959515257.zip,The Best Top Down Analysis Strategy for 2025 Forex Trading Guide,The Best Top Down Analysis Strategy for 2025  Forex Trading Guide.txt,txt,29612,trading_candidate,forex;scalp;strategy;top down;trade;trading,100 percent;15 minute;15 minutes;25 percent;30 minute;30 minutes;30 percent;50 percent;70 percent;daily;monthly;weekly,
